Topic,Size,Top_Words,Representative_Text
0,1124,"matahari, malam, shalat, rakaat, tidur","… berkata; rasulullah shallallahu 'alaihi wasallam bersabda: ""tali pantat kedua mata, barangsiapa tidur, hendaklah berwudhu.""..."
1,511,"rambut, rambutnya, mencukur, bulu, kumis","berkata; rasulullah shallallahu 'alaihi wasallam bersabda: ""sepuluh perkara termasuk fithrah: memotong kumis, memelihara jenggot (membiarkannya tumbuh), bersiwak, beristinsyaq air, memotong kuku, memb..."
2,489,"mengangkat, kedua, mengangkat kedua, kedua tangannya, tangannya","berkata; ""tanganku tangan rasulullah shallallahu 'alaihi wasallam saling bergantian berwudhu satu bejana.""..."
3,450,"makanan, makan, daging, roti, memakannya","mengabarkan berkata, ""rasulullah shallallahu 'alaihi wasallam tidak pernah mencela makanan sama sekali, senang memakannya tidak menyukai meninggalkannya.""..."
4,396,"surat, membaca, surat al, qur, qur an","kepadaku mendengar berkata; mendengar berkata; rasulullah shallallahu 'alaihi wasallam bersabda: ""barangsiapa di antara kalian membaca; ""wat tiin waz zaitun (demi (buah) tin (buah) zaitun), "" akhir ay..."
5,362,"bakar, api, api neraka, neraka, membakar","berkata; rasulullah shallallahu 'alaihi wasallam bersabda: ""berwudhulah makan makanan masak (terpanggang) api.""..."
6,337,"air, bejana, mendapatkan air, berwudlu, wudlu","berkata; mendengar hadits , berkata; rasulullah shallallahu 'alaihi wasallam bersabda: ""janganlah salah seorang kalian kencing di air menggenang janganlah mandi janabah di tempat tersebut.""..."
7,330,"kain, pakaian, baju, sutera, mengenakan","berkata; rasulullah shallallahu 'alaihi wasallam shalat malam, sementara berada di samping beliau, padahal haidl, memakai selendangku, di mana sebagian kain beliau...."
8,262,"malaikat, para malaikat, langit, aamiin, para","nabi shallallahu 'alaihi wasallam, bersabda: ""malaikat tidak memasuki rumah ada gambar, anjing, orang junub.""..."
9,248,"raka, raka at, rakaat, at, dua raka","mengabarkan kepadaku mengabarkan kepadanya, rasulullah shallallahu 'alaihi wasallam bersabda: ""barangsiapa ragu-ragu shalatnya, hendaknya sujud dua kali setelah salam.""..."
10,227,"budak, membebaskan, budak tersebut, memerdekakan, seorang budak","mengabarkan , nabi shallallahu 'alaihi wasallam bersabda: ""barangsiapa membebaskan bagiannya diri seorang budak, berkewajiban membebaskan bagian tersisa uangnya mencukupi nilai harga budak tersebut.""..."
11,215,"warisan, saudara, saudara laki, perempuan, ibu","mengabarkan berkata: ""ilmu tidak disampaikan bagaikan gudang harta tidak pernah diinfakkan""...."
12,200,"minuman, minum, memabukkan, khamer, perasan","di antara lain. berkata; berkata, ""rasulullah shallallahu 'alaihi wasallam bersabda: ""setiap sesuatu memabukkan khamer, setiap memabukkan haram. barangsiapa meninggal keadaan minum khamer menyukainya ..."
13,190,"shalat, shalat berkata, tidak menerima, mendapatkan shalat, menerima shalat","berkata; rasulullah shallallahu 'alaihi wasallam bersabda: ""kunci shalat bersuci, mengharamkannya (dari segala ucapan gerakan di laur shalat) takbir, menghalalkannya kembali salam.""..."
14,189,"berperang, perang, pasukan, rampasan, romawi",", bacakan , berdua mengatakan; , nabi shallallahu 'alaihi wasallam bersabda: ""barangsiapa tidak berperang mempersiapkan orang berperang menggantikan orang berperang memberikan kebaikan keluarganya all..."
15,181,"membasuh, tiga kali, membasuh kedua, air, air ke","berkata, kepadaku berkata, ""rasulullah shallallahu 'alaihi wasallam mendatangi keadaan berdebu, menaruh untuknya bejana berwudlu, pun berwudlu. mencuci kedua telapaknya tangannya tiga kali, berkumur-k..."
16,180,"pasukan, perang, khubaib, peperangan, amir",", , kepadaku , yaitu ibnu ma'dan , berkata; rasulullah shallallahu 'alaihi wasallam bersabda: ""keadaannya kalian menjadi tentara-tentara terpisah-pisah, pasukan di syam, pasukan di yaman, pasukan di i..."
17,165,"bulan, berpuasa, puasa, satu bulan, sya ban",", , , nabi shallallahu 'alaihi wasallam tidak pernah berpuasa sunah satu bulan penuh kecuali bulan sya'ban, menyambungnya ramadhan...."
18,162,"menangis, jenazah, meninggal, kuburan, tangisan",mengabarkan berkata; melihat rasulullah shallallahu 'alaihi wasallam mencium utsman mazh'un sementara meninggal melihat air mata mengalir....
19,157,"syahid, meninggal, mati, mati syahid, dunia",", , , berkata; rasulullah shallallahu wa'alaihi wa sallam bersabda: ""barang siapa memohon allah agar meninggal keadaan syahid jujur, allah menyampaikannya derajat para syuhada walaupun mati diatas tem..."
20,155,"wasallam melarang, melarang, al muzaffat, muzaffat, ad duba",", , , , , berkata; rasulullah shallallahu 'alaihi wasallam melarang sikap berbangga orang-orang badui...."
21,150,"anak, anakku, anakmu, dilahirkan, kitabullah","kepadaku berkata, ""ayahnya memberikan kepadanya seorang budak, rasulullah shallallahu 'alaihi wasallam bertanya kepadanya: ""siapakah budak ini?"" menjawab, ""budakku. ayahkulah memberikannya kepadaku."" ..."
22,150,"mimpi, bermimpi, bersabda mimpi, kenabian, mimpi baik","berkata, nabi shallallahu 'alaihi wasallam, bersabda: ""jika semakin dekat, mimpi seorang mukmin dipastikan tidak bohong. orang paling benar mimpinya orang paling benar ucapannya. mimpi ada tiga; mimpi..."
23,148,"neraka, surga, ke neraka, neraka berkata, berfirman","berkata, berkata, nabi shallallahu 'alaihi wasallam, bersabda: ""akan dikeluarkan neraka siapa mengatakan tidak ada ilah kecuali allah hatinya ada kebaikan sebesar jemawut. dikeluarkan neraka siapa men..."
24,144,"haji, umrah, bertalbiyah, diriwayatkan, bertalbiyah melakukan",", , , , berkata; menyewakan sesuatu perjalanan berhaji, orang-orang mengatakan; tidak mendapatkan pahala haji, menemui katakan; wahai abdurrahman, orang menyewakan sesuatu perjalanan berhaji, orang-or..."
25,140,"hutang, hutangnya, membayarnya, memiliki hutang, berhutang",", , , , berkata; rasulullah shallallahu 'alaihi wasallam berkhutbah kami, berkata: ""apakah di sini terdapat seseorang bani fulan?"" terdapat seorang laki-laki berdiri berkata; wahai rasulullah. shallal..."
26,140,"minyak, wangi, minyak wangi, rasanya, an seperti",", diriwayatkan jalur lain: , , berkata; memberi rasulullah shallallahu wa'alaihi wa sallam minyak wangi ihramnya sebelum melakukan ihram, keadaan tidak berihram sebelum melakukan thawaf di ka'bah...."
27,134,"qur an, qur, al qur, an, al","berkata, berkata, mengabarkan -maksudnya al-'ala` al hadhrami- bahwasanya pernah menulis surat nabi shallallahu 'alaihi wasallam, memulai namanya sendiri.""..."
28,133,"sejak hari, hari pertama, pertama meninggal, ilmu, permasalahan","mengabarkan berkata: ""pernah ditanya suatu hal ceritakan, menjawab: ' tidak perlu bermusyawarah, kuanggap tidak masalah""...."
29,127,"suaminya, pahala, wanita, suami, seorang wanita","rhadhiyallahu 'anhu seorang wanita bersedekah harta suaminya. berkata: tidak boleh, kecuali sebagian bahan pokoknya pahalanya dibagi anara keduanya, tidak halal seorang istri bersedekah harta suaminya..."
30,127,"isa, isa berkata, berkata hadits, bab, meriwayatkan","berkata; 'ubaidullah ditanya al muhashshab"". berkata: ""rasulullah shallallahu 'alaihi wasallam pernah berhenti singgah disana, begitu 'umar ibnu 'umar"". nafi' pernah disana, yaitu di al muhashshab, sh..."
31,125,"wanita, seorang wanita, laki, laki laki, kaum wanita","bahwasanya mereka, berkata; nabi shallallahu 'alaihi wasallam, bersabda: ""shalat seorang wanita di rumahnya lebih utama baginya daripada shalatnya di kamarnya, shalat seorang wanita di rumahnya kecil ..."
32,125,"bika, uudzu bika, uudzu, min, berlindung","kepadaku kepadaku berkata; bertanya aisyah; ""dengan apakah nabi allah shallallahu 'alaihi wasallam berdo'a sebagai pembukaan shalat malam?"" menjawab; ""sebagai pembukaan shalat malamnya, memulai do'a; ..."
33,121,"setan, setan berkata, menguap, dikumandangkan, sesungguhnya setan","berkata, berkata, ""rasulullah shallallahu 'alaihi wasallam bersabda: ""jika salah seorang kalian menguap hendaklah pegang mulutnya, setan bisa masuk."" seperti hadits tersebut. bersabda: ""dalam shalat, ..."
34,121,"darah, haid, darah penyakit, haidl, penyakit","berdua berkata; bahwasanya fathimah binti abi hubaisy datang rasulullah shallallahu 'alaihi wasallam, bertanya; sesungguhnya terkena darah penyakit, tidak suci, apakah boleh meninggalkan shalat? bersa..."
35,116,"hujan, awan, meminta hujan, hujan kami, turun","mengabarkan rasulullah shallallahu 'alaihi wasallam keluar bersama orang-orang memohon hujan, shalat dua raka'at mengeraskan bacaan raka'at tersebut, membalik kain selendangnya sambil berdo'a memohon ..."
36,112,"tanah, lahan, menyewakan, tetangga, menanaminya",", , , berkata; rasulullah shallallahu 'alaihi wasallam bersabda: ""barangsiapa menanam di tanah suatu kaum tanpa seizin mereka, tidak memiliki hak tanamannya sedikitpun, baginya pembiayaannya.""..."
37,111,"ekor, kambing, ekor kambing, domba, satu ekor","nabi shallallahu 'alaihi wasallam sujud, merenggangkan antara kedua tangannya seandainya ada seekor anak kambing hendak lewat di kedua tangan beliau, tentu melewatinya.""..."
38,109,"tujuh puluh, tujuh, menjadi tujuh, puluh, terpecah","berkata, berkata, ""kami pernah bersama rasulullah shallallahu 'alaihi wasallam singgah suatu tempat, bersabda: ""kalian tidak satu bagian seratus ribu bagian orang datang minum di telagaku."" perawi ber..."
39,108,"obat, sakit, penyakit, kesembuhan, syifaa",", nabi shallallahu 'alaihi wasallam, berkata: ""barangsiapa mengunjungi orang sakit belum datang ajalnya mengucapkan (doa) di sebelahnya sebanyak tujuh kali: as alullaahal 'azhiim rabbal 'arsyil 'azhii..."
40,103,"cincin, cincinnya, memakai cincin, membuat cincin, mata cincinnya","keduanya berkata; berkata, mengabarkan kepadaku berkata; kepadaku berkata, ""cincin nabi shallallahu 'alaihi wasallam terbuat perak, sedangkan mata cincinnya habasyah.""..."
41,101,"dosa, dosa besar, dosa dosa, besar, allah durhaka","mengabarkan nabi shallallahu 'alaihi wasallam, bersabda: ""barang siapa bercelak hendaklah melakukannya ganjil, barangsiapa melakukannya berbuat baik, barangsiapa tidak melakukannya tidak ada dosa bagi..."
42,101,"beli, menjual, jual, jual beli, pasar","berkata, ""aku pernah membeli minyak di pasar, minyak tersebut menjadi hak milikku, ada seorang laki-laki datang kepadaku memberiku keuntungan baik. ingin membuat kesepatakan orang tersebut, seorang la..."
43,99,"wa, laa, asyhadu, anta, wal",", berkata; , berkata; mendengar di mimbar berkata; nabi shallallahu 'alaihi wasallam selesai shalat mengucapkan: ""laa ilaaha illallaahu wahdahu laa syariikalahu, lahul mulku wa lahul hamdu wa huwa 'al..."
44,97,"mandi, jum, jum at, satu bejana, barangsiapa mandi","berkata; rasulullah shallallahu 'alaihi wasallam bersabda: ""barangsiapa berwudlu hari juma't, alangkah baiknya, barangsiapa mandi, lebih utama.""..."
45,92,"hari, hari jum, jum at, jum, berpuasa hari",", , , , , berkata; tatkala nabi shallallahu 'alaihi wasallam datang ke madinah, mendapati orang-orang yahudi berpuasa hari 'asyura, ditanya hal tersebut. berkata; hari dimana allah memenangkan musa fi..."
46,88,"yahudi, orang yahudi, yahudi berkata, musa, yahudi tersebut","kepadaku berkata, ""ayat: '(jika (orang yahudi) datang kepadamu (untuk meminta putusan), putuskanlah (perkara itu) diantara mereka, berpalinglah mereka) ' (qs. al maidah: 42), dihapus diganti ayat: '(m..."
47,87,"buta, pandangan, matanya, mata, buta sebelah","bahwasanya ibnu ummi maktum seorang muadzdzin rasulullah shallallahu alaihi wasallam, padahal seorang buta...."
48,86,"ada tiga, bersabda tiga, pedih, tiga, tiga golongan","berkata, ""rasulullah shallallahu 'alaihi wasallam bersabda: ""tiga golongan tidak allah ajak bicara hari kiamat; seorang laki-laki menghalangi ibnu sabil mendapatkan kelebihan air ada padanya, seorang ..."
49,86,"emas, perak, emas emas, riba, gandum","(ahmad hanbal) berkata; berkata; berkata; orang-orang membeli emas mata uang secara kredit syarat ada penambahan, hari datang mereka, melarang transaksi semacam berkata; rasulullah shallallahu'alaihiw..."
50,85,"jenazah, diletakkan, melihat jenazah, jenazah diletakkan, jenazah tersebut",", , , nabi shallallahu 'alaihi wasallam: ""apabila kalian melihat jenazah, berdirilah kalian (menghormati) jenazah melewati kalian diletakkan.""..."
51,84,"membangkang, dianggap tidak, mendengar taat, berpuasa, taat",", , , berkata; dahulu membai'at nabi shallallahu 'alaihi wasallam mendengar mentaati, membisikkan: ""semampumu!""..."
52,84,"daging, daging keledai, keledai, wasallam melarang, melarang",pernah mendengar berkata; rasulullah shallallahu 'alaihi wasallam melarang beristinja kotoran binatang....
53,81,"sha, satu sha, gandum, sha gandum, sha kurma",", di ganti jalur periwayatan lain, nabi shallallahu wa'alaihi wa sallam mewajibkan zakat fitrah, satu sha' kurma, satu sha' gandum setiap orang dewasa maupun anak kecil, merdeka, budak musa menambahka..."
54,77,"bersumpah, bapak, kalian bersumpah, bersumpah nama, bapak kalian",", , berkata; rasulullah shallallahu 'alaihi wasallam bersabda: ""janganlah kalian bersumpah nama bapak-bapak kalian, jangan pula nama ibu-ibu kalian, serta sekutu-sekutu! janganlah kalian bersumpah kec..."
55,76,"ular, membunuh ular, seekor ular, membunuh, bunuhlah","berkata, berkata; bahwasanya pernah berkata rasulullah shallallahu 'alaihi wasallam, ""sesungguhnya ingin membersihkan air zamzam, di dalamnya banyak terdapat ular kecil."" nabi shallallahu 'alaihi wasa..."
56,76,"anjing, buruan, anjingmu, makanlah, anjing lain",", , berkata; bertanya nabi shallallahu 'alaihi wasallam, katakan; sesungguhnya berburu anjing- anjing ini. berkata kepadaku: ""apabila melepas anjingmu terlatih sebut nama allah, makanlah apa tangkap u..."
57,75,"mukmin, semut, seorang mukmin, belalang, disebut mukmin","nabi shalla allahu 'alaihi wa sallam, bersabda: belalang termasuk binatang buruan laut...."
58,71,"panas, menyengat, dingin, panas menyengat, jahannam","berdua berkata; berkata; pernah shalat zhuhur bersama rasulullah shallallahu 'alaihi wasallam, tatkala mengambil segenggam kerikil agar menjadi dingin telapak tanganku letakkan di keningku sujud padan..."
59,71,"jihad, paling utama, utama, utama menjawab, apakah paling",", , berkata; berkata; nabi shallallahu 'alaihi wasallam ditanya; amalan apakah lebih utama? bersabda; lama berdiri. ditanya; sedekah apakah paling utama? berkata; pemberian orang miskin, ditanya; hijr..."
60,71,"membaca, tidak membaca, fatihah, al fatihah, sah shalat","keduanya berkata; nabi shallallahu 'alaihi wasallam (sabdanya): ""tidak sah shalat siapa tidak membaca fatihatul kitab (surat al fatihah) selebihnya."" sufyan berkata; ""bagi siapa shalat sendirian.""..."
61,69,"sepatu, memakai, sandal, celana, mata kaki","berkata, nabi shallallahu 'alaihi wasallam, nabi shallallahu 'alaihi wasallam, ada seorang laki-laki bertanya, ""apa harus dikenakan orang melakukan ihram?"" menjawab: ""ia tidak boleh memakai baju, imam..."
62,67,"kebaikan, satu kebaikan, kunci, kebaikan selama, kejahatan","berkata; . , berkata; berkata; rasulullah shallallahu'alaihiwasallam bersabda: ""jika allah azzawajalla menghendaki seorang hamba kebaikan, niscaya allah pahamkan urusan agamanya.""..."
63,65,"halal, haram, tidak halal, jelas, perkara",", berkata; , , berkata; mendengar , tidak mendengar seorangpun setelahnya. berkata; mendengar rasulullah shallallahu 'alaihi wasallam bersabda: ""sesungguhnya perkara halal jelas, serta haram jelas dia..."
64,64,"nama, namaku, julukan, qasim, al qasim","berkata; mengabarkan banyak disebut namanya kecuali ibnu katsir, firman allah azza wa jalla: '(dan dihalangi antara apa ingini….) ' -qs. saba: 54- berkata, ""yaitu antara keimanan.""..."
65,64,"kerikil, jibril, melempar, langit, jumrah","berkata; ""kami bersama abdullah busr -salah seorang sahabat nabi shallallahu 'alaihi wasallam- hari jum'ah, tiba-tiba seorang laki-laki datang melangkahi pundak orang-orang, berkata; ""pernah datang se..."
66,61,"pohon, pohon kurma, kurma, pohon pohon, daunnya","kepadaku rasulullah shallallahu 'alaihi wasallam bersabda: ""khamer terbuat kedua pohon ini; pohon kurma anggur."" daud berkata, ""nama katsir al ghubarah yazid abdurrahman ghufailah as sahmi. lain menga..."
67,60,"berkabung, wanita beriman, hari kecuali, halal seorang, bulan sepuluh",", berkata; rasulullah shallallahu wa'alaihi wa sallam bersabda: ""tidak halal seorang wanita beriman allah hari akhir bersafar lebih tiga hari, keculai bersama ayahnya saudaranya suaminya anaknya orang..."
68,59,"mengampuni, dosa, diampuni, diampuni dosa, allah mengampuni",", , , nabi shallallahu 'alaihi wasallam, bersabda: ""sesungguhnya allah mengampuni umatku apa belum ucapkan belum lakukan, serta sesuatu terbetik pikirannya.""..."
69,59,"tangan pencuri, pencuri, seperempat dinar, dipotong, seperempat","berkata, berkata, ""rasulullah shallallahu 'alaihi wasallam memotong (tangan pencuri) senilai baju perang harganya tiga dirham.""..."
70,57,"beli, jual, jual beli, hak memilih, berpisah","rasulullah shallallahu 'alaihi wasallam bersabda: ""dua orang saling berjual beli, keduanya memiliki hak memilih sahabatnya selama belum berpisah. kecuali jual beli syarat memiliki hak memilih."" , nabi..."
71,57,"tahun, puluh, empat puluh, enam puluh, tiga tahun","berkata, berkata, ""sungguh ma'mar menyerap ilmu sangat bermanfaat."" abdullah berkata, ""ma'mar meninggal usia lima puluh delapan tahun.""..."
72,56,"surga, masuk surga, tidak masuk, hatinya terdapat, masuk","berkata; mendapati kitabnya tulisannya sendiri, belum pernah mendengar darinya, mengatakan, nabi shallallahu 'alaihi wasallam bersabda: ""hadirilah peringatan (khutbah) mendekatlah imam, seseorang sela..."
73,56,"umra, pewaris, warisan, orang setelahnya, pemberian",", , kepadaku , , firman allah ta'ala: ""dan (jika ada) orang-orang bersumpah setia mereka, berilah bagiannya."" berkata; dahulu orang-orang muhajirin datang ke madinah, orang-orang anshar diwarisi selai..."
74,55,"mencintai, cintailah, mencintainya, allah mencintai, cintai","abdullah berkata; berkata; mengabarkan sesungguhnya nabi shallallahu'alaihiwasallam bersabda kakeknya, yazid asad, ""cintalah manusia sebagaimana mencintai dirimu.""..."
75,55,"wanita, para wanita, mengqadha, mengqadla, anting","keduanya berkata; mengabarkan mengabarkan kepadaku berkata; -saya mendengar (jabir) berkata- sesungguhnya nabi shallallahu 'alaihi wasallam berdiri hari raya fithri, mengerjakan shalat, memulai shalat..."
76,54,"tenang, shalat, masjid, belum shalat, ninah","mendengarnya berkata; ""mu'adz biasa shalat bersama nabi shallallahu 'alaihi wasallam, kembali menjadi imam (shalat) kami' -di lain kali jabir mengatakan; kembali menjadi imam (shalat) kaumnya-, suatu ..."
77,54,"siksa, berlindung, berlindung kepada, siksa kubur, kubur","kepadaku kepadaku mendengar berkata; rasulullah shallallahu 'alaihi wasallam bersabda: ""apabila kalian selesai tasyahud akhir, hendaklah memohon perlindungan allah empat perkara, yaitu; siksa neraka j..."
78,53,"kuda, kudanya, pacuan, pahala, kebaikan",", , berkata; rasulullah shallallahu 'alaihi wasallam bersabda: ""tidak ada perlombaan kecuali hewan bertapak kaki, berkuku serta memanah.""..."
79,52,"cincin emas, memakai, memakai cincin, melarangku, cincin","berkata; mendengar berkata, ""rasulullah shallallahu 'alaihi wasallam melarangku, tidak mengatakan melarang kalian memakai pakaian dicelup (diberi warna).""..."
80,52,"salam, memberi salam, salamnya, mengucapkan salam, salam kami","bahwasanya pernah menemui nabi shallallahu 'alaihi wasallam buang air kecil, mengucapkan salam nabi, tidak menjawab salamnya berwudhu, meminta maaf seraya bersabda: ""sesungguhnya tidak suka menyebut n..."
81,52,"hewan kurban, kurban, hewan, kalung, kalung hewan",", serta radliallahu 'anha berkata; rasulullah shallallahu wa'alaihi wa sallam berkurban madinah, menjalin kalung-kalung hewan kurbannya, tidak menjauhi sesuatupun diantara perkara-perkara dijauhi oran..."
82,51,"kada, memasuki, makkah, tempat, baitul maqdis",", , , , atua pamannya, berkata; melihat rasulullah shallallahu wa'alaihi wa sallam berada di mimbar di 'arafah...."
83,51,"tumit, tumit tumit, api, air, demam",", , , , , berkata; rasulullah shallallahu 'alaihi wasallam bersabda: ""tidak ada mengarungi laut kecuali orang berhaji berumrah, orang berperang di jalan allah. sesungguhnya di laut terdapat api di api..."
84,51,"melempar, melempar jumrah, jumrah, kerikil, uban inai","bahwasanya rasulullah shallallahu 'alaihi wasallam bersabda: ""takutlah kalian perihal dua orang terlaknat."" (para sahabat) bertanya; ""siapakah dua orang terlaknat wahai rasulullah?"" menjawab: ""yaitu o..."
85,50,"hasil, hasil penjualan, penjualan, penjualan anjing, anjing",", , , nabi shallallahu 'alaihi wasallam melarang uang hasil penjualan anjing, upah pezina, upah dukun...."
86,50,"pedang, kami bukan, perang, golongan kami, pedang rasulullah",", , , , berkata; gagang pedang rasulullah shallallahu 'alaihi wasallam perak...."
87,48,"wanita, seorang wanita, cincin besi, allah wahai, cincin","berkata; rasulullah shallallahu 'alaihi wasallam bersabda: ""sekiranya menyisakan pintu (seraya menunjuk salah satu pintu masjid) para wanita (adalah lebih baik)."" berkata; tidak pernah masuk pintu ter..."
88,48,"surga, bintang, purnama, taman, pertama masuk","bercerita mengabarkan mengabarkan berkata; rasulullah shallallahu 'alaihi wasallam bersabda: ""rombongan pertama masuk surga rupa seperti bentuk bulan purnama, tidak pernah beringus, tidak meludah tida..."
89,48,"mandi, menggilir, isterinya, mandi mengabarkan, wasallam menggilir","bahwasanya nabi shallallahu 'alaihi wasallam bersabda: ""apabila suami duduk di antara keempat anggola tubuhnya (kedua tangan kedua kaki istrinya), menempelkan khitan (kemaluan suami) kemaluan istrinya..."
90,47,"beristinja, batu, kotoran, buang, buang air","berdua berkata; bahwasanya rasulullah shallallahu 'alaihi wasallam bersabda: ""apabila salah seorang di antara kalian pergi buang air besar, hendaklah membawa tiga batu beristinja, sesungguhnya mencuku..."
91,47,"burung, gagak, tikus, kalajengking, burung gagak",", nabi shallallahu 'alaihi wasallam ditanya apa saja boleh dibunuh orang berihram binatang melata? berkata: ""lima binatang tidak ada dosa orang membunuhnya di luar tanah haram di tanah haram, yaitu; k..."
92,47,"masak, kurma, kurma masak, kurma muda, anggur","kepadaku melarang pencampuran anggur kurma, pencampuran zahw (kurma mentah) kurma segar."" bersabda: ""peraslah masing-masing secara tersendiri!"" kepadaku nabi shallallahu 'alaihi wasallam hadits ini.""..."
93,47,"puasa, puasanya, ada puasa, berpuasa, asyura",", , , serta , isteri nabi shallallahu 'alaihi wasallam rasulullah shallallahu 'alaihi wasallam berkata: ""barangsiapa belum berniat berpuasa sebelum fajar, tidak ada (tidak sah) puasa baginya."" daud be..."
94,46,"mencuri, pencuri, seorang pencuri, memotong tangannya, potonglah","berkata, -mantan budak (yang dimerdekakan oleh) dzar- berkata, ""pernah dihadapkan rasulullah shallallahu 'alaihi wasallam seorang pencuri mengakui kesalahannya, barang dicurinya tidak lagi bersamanya...."
95,45,"daging kurban, melarang kalian, tiga hari, kurban, daging",", , , , berkata; rasulullah shallallahu 'alaihi wasallam bersabda: ""sesungguhnya dahulu melarang kalian memakan daging kurban di tiga hari agar mencukupi kalian. allah memberikan keluasan, simpanlah s..."
96,44,"pakaian, munabadzah, mulamasah, melarang, wasallam melarang","keduanya berkata, ""rasulullah shallallahu 'alaihi wasallam melarang penggunakan za'faran laki-laki.""..."
97,43,"hadiah, abwa, di abwa, memberi hadiah, pemberian","(ahmad hanbal radliyallahu'anhu) berkata; membaca di hadapan : menghadiahkan daging keledai rasulullah shallallahu'alaihiwasallam berada di abwa`, di wadan,. rasulullah shallallahu'alaihiwasallam meno..."
98,43,"ibuku meninggal, meninggal, nadzar, ibuku, ibunya meninggal",", , , , seorang wanita berkata; wahai rasulullah, sesungguhnya ibuku meninggal tiba-tiba, tidak terjadi hal tersebut niscaya bersedekah memberi. apakah sah bersedekah untuknya? nabi shallallahu 'alaih..."
99,43,"budak, seorang budak, mantan, menampar, mantan budak",", , , berkata; kepadaku mantan budak al lahm, berkata; pernah menghadiri perang khaibar bersama para majikanku. berbica rasulullah shallallahu 'alaihi wasallam diriku, memerintahkanku agar diberi peda..."
100,43,"budak, budak wanita, seorang budak, budak tersebut, istrinya",", istri rasulullah shallallahu 'alaihi wasallam, berkata; pernah mempunyai budak wanita bebaskan. nabi shalla allahu 'alaihi wa sallam masuk menemuiku memberitahukan hal tersebut kepadanya, berkata: ""..."
101,42,"menciummu, mencium, wasallam menciummu, tidak menciummu, hajar",", mengabarkan datang ke hajar aswad, menciumnya berkata; sungguh mengetahui hanya sekedar batu tidak bermanfaat, tidak membawa madharat, seandainya tidak melihat rasulullah shallallahu wa'alaihi wa sa..."
102,41,"hathib, wanita, surat, membawa surat, surat tersebut",". semuanya berasal , menyebutkan berkata, ""beberapa wanita syam menemui radliallahu 'anhuma, aisyah bertanya, ""dari manakah kalian?"" menjawab, ""dari penduduk syam."" aisyah berkata, ""kemungkinan kalian..."
103,41,"bawang, bawang putih, bawang merah, putih, barangsiapa makan","mengabarkan kepadaku kepadaku berkata, ""sesungguhnya rasulullah shallallahu 'alaihi wasallam bersabda: ""barangsiapa makan bawang putih bawang merah, hendaknya menjauhi masjid duduk di rumahnya."" perna..."
104,41,"menjual buah, buah, melarang menjual, menjual, buah buahan",", rasulullah shallallahu 'alaihi wasallam melarang menjual buah nampak kelayakannya, melarang penjual pembeli...."
105,40,"hamil, melahirkan, wanita, melahirkan anak, menggilir",", , , berkata; terdapat seorang laki-laki anshar datang rasulullah shallallahu 'alaihi wasallam berkata; sesungguhnya memiliki seorang budak wanita, bercampur dengannya sementara tidak ingin hamil. be..."
106,39,"nadzar, nadzar tidak, ada nadzar, kafarahnya, boleh ada",", , kepadaku , , , rasulullah shallallahu 'alaihi wasallam bersabda: ""tidak boleh ada nadzar kecuali sesuatu diharapkan padanya wajah allah, tidak boleh ada sumpah memutuskan hubungan kekerabatan.""..."
107,38,"bidara, daun bidara, mandikanlah, kafanilah, mandikanlah air","berkata; ""ada seorang laki-laki wukuf di 'arafah terjatuh hewan tunggangannya terinjak"" ibnu 'abbas radliallahu 'anhuma berkata: ""hingga orang mati seketika"". nabi shallallahu 'alaihi wasallam berkata..."
108,38,"malu, ilmu, menghalalkan kemaluan, syarat, malu bagian",", mengabarkan kepadaku rasulullah shallallahu 'alaihi wasallam bersabda: ""sesungguhnya syarat paling berhak dipenuhi (syarat) kalian gunakan menghalalkan farji.""..."
109,37,"membeli makanan, menjualnya, makanan, janganlah menjualnya, makanan janganlah","rasulullah shallallahu 'alaihi wasallam bersabda: ""barangsiapa membeli makanan, janganlah menjualnya menerimanya.""..."
110,37,"gharib, hasan gharib, gharib berkata, isa berkata, hadits hadits","selainnya berkata; berkata; mendengar nabi shallallahu 'alaihi wasallam, bersabda: ""semoga allah merahmati orang shalat empat rakaat sebelum ashar."" isa berkata; ""hadits derajatnya hasan gharib.""..."
111,37,"orang mulia, putra orang, mulia, putra, yafits","mengabarkan kepadaku bercerita nabi shallallahu 'alaihi wasallam bersabda: ""orang mulia putra orang mulia putra orang mulia putra orang mulia yusuf ya'qub ishaq ibrahim asm""...."
112,37,"jibril, unta, urainah, tangan kaki, ukl","kepadaku bercerita mereka, serombongan suku 'ukail 'urainah mengunjungi madinah bertemu nabi shallallahu 'alaihi wasallam menyatakan keislamannya. berkata; ""wahai nabiyullah, sesungguhnya orang-orang ..."
113,36,"kurang lima, ada zakat, kurang, lima wasaq, lima",", berkata; membacakan riwayat , berkata; mendengar berkata; rasulullah shallallahu wa'alaihi wa sallam bersabda: ""tidak ada zakat unta kurang lima dzaud (dzaud antara tiga sepuluh), tidak ada zakat pe..."
114,36,"dunia seisinya, seisinya, daripada dunia, lebih baik, baik daripada","berkata; rasulullah shallallahu'alaihiwasallam bersabda: ""berperang satu pagi satu sore hari di jalan allah azzawajalla lebih baik daripada dunia segala isinya""...."
115,36,"ummu haram, tertawa, haram, ummu, lautan","berkata, berkata; mendengar berkata, ""rasulullah shallallahu 'alaihi wasallam terlelap beberapa saat, setelah mengangkat kepala tersenyum. (waktu itu) berkata mereka, berkata beliau, ""wahai rasulullah..."
116,36,"hakim, seorang hakim, berijtihad, keadaan marah, sebagai hakim","mengabarkan kepadaku mantan budak 'amru al 'ash berkata, ""rasulullah shallallahu 'alaihi wasallam bersabda: ""apabila seorang hakim berhukum berijtihad benar baginya dua pahala, berhukum berijtihad sal..."
117,36,"barangsiapa membaca, ayat malam, dicatat termasuk, dicatat, sahur","kepadaku , diganti jalur riwayat, kepadaku berkata; barangsiapa membaca sepuluh ayat malam hari, tidak dicatat termasuk golongan orang-orang lalai...."
118,36,"syighar, menikah, menikahkan, pernikahan, boleh menikah","abdullah berkata; kepadaku berkata; kepadaku sesungguhnya nabi shallallahu'alaihiwasallam membenci pernikahan diselenggarakan secara sembunyi-sembunyi kendang dipukul, dilantunkan bait-bait lagu, ""kam..."
119,35,"tiga hari, tiga, setiap bulan, sepatu, puasa tiga",", , berasal azd syanuah, , berkata; kekasihku shallallahu 'alaihi wasallam berwasiat kepadaku tiga perkara, tidak meninggalkannya bepergian mupun bermukim, yaitu melakukan shalat dua raka'at shalat dh..."
120,35,"bisa melakukannya, bagaimana tidak, melakukannya bersabda, menguap, hisab mudah","berkata, berkata, mengabarkan berkata; kepadaku bahwasanya mendengar berkata; mendengar keduanya berkata, ""rasulullah shallallahu 'alaihi wasallam bersabda: ""tidaklah seseorang menelantarkan seorang m..."
121,34,"kucing, tikus, seekor kucing, buanglah, kabsyah","nabi shallallahu 'alaihi wasallam melaksanakan shalat kusuf (gerhana) bersabda: ""neraka didekatkan kepadaku berkata; ""wahai rabb, bersama mereka. manakala melihat seorang wanita"". nafi' berkata: mendu..."
122,34,"bahrain, negeri bahrain, ubaidah, ekor, yaman","berkata; berkata; mengabarkan kepadaku sesungguhnya mengabarinya, sesungguhnya yaitu wakil bani 'amir luhay, ikut perang badar bersama rasulullah shallallahu'alaihiwasallam mengabarinya, rasulullah sh..."
123,34,"putih, pipinya, salam ke, pipinya putih, wa rahmatullah","berkata, membacakannya dihadapan berkata, kepadaku kepadanya, berkata, ""jika nabi shallallahu 'alaihi wasallam sujud makan terlihat pipinya putih. mengucapkan salam ke sebelah kirinya menghadapkan waj..."
124,34,"putaran, berlari, lari kecil, berlari lari, kali putaran",", nabi shallallahu 'alaihi wasallam membuka pundak kanan, mengusap hajar aswad, serta bertakbir berlari-lari kecil sebanyak tiga kali putaran. di rukun yamani tersembunyi orang-orang quraisy berjalan,..."
125,34,"iqamah, abdullah salam, iqamah shalat, iqamah lagi, maghrib","kepadaku berkata; tatkala mendatangi sebagai tentara perang, uqbah amir menjadi gubernur mesir. mengakhirkan shalat maghrib. ayyub mendatanginya berkata; shalat apa wahai uqbah? menjawab; disibukkan. ..."
126,34,"janin, denda, diyat, memutuskan, sajak","berkata; kepadaku rasulullah shallallahu 'alaihi wasallam pernah memutuskan perkara antara dua wanita bani hudzail berkelahi, salah seorang melempar lawannya batu perutnya padahal hamil, menyebabkan k..."
127,33,"telinganya, terpotong, telinga, telingannya, mata telinga","berkata, berkata, mengabarkan berkata, ""rambut rasulullah shallallahu 'alaihi wasallam panjangnya dua daun telinga.""..."
128,33,"membenci, mencintai, kecuali orang, membencinya, barangsiapa mencintai","berkata, berkata, berkata, ""rasulullah shallallahu 'alaihi wasallam bersabda: ""sebaik-baik amal cinta allah benci allah.""..."
129,33,"miskin, orang miskin, sedekah, meminta minta, miskin orang",", berkata; , berkata; rasulullah shallallahu 'alaihi wasallam bersabda: ""orang miskin bukanlah orang kembali diberi satu dua butir kurma, serta satu dua kali makan, orang miskin orang tidak meminta se..."
130,32,"membangun, membangun masjid, bata, barangsiapa membangun, masjid allah","berkata; rasulullah shallallahu 'alaihi wasallam bersabda: ""telah dijadikan bumi sebagai tempat suci masjid untukku.""..."
131,32,"anggota, anggota badan, di tujuh, sujud, diperintahkan sujud","berkata, : ""nabi shallallahu 'alaihi wasallam diperintahkan melaksanakan sujud tujuh anggota sujud; muka, kedua telapak tangan, kedua lutut kedua kaki tidak boleh terhalang rambut pakaian.""..."
132,32,"tempat duduknya, namaku, duduknya, duduknya di, neraka berkata",", , mengabarkan , berkata; nabi shallallahu 'alaihi wasallam bersabda: ""barangsiapa bersumpah dusta, hendaknya mempersiapkan tempatnya di neraka!""..."
133,32,"kalian ini, apakah ini, negeri, hari, haram","kepadaku kepadaku berkata; membonceng di bapakku haji wada', nabi shallallahu 'alaihi wasallam berbicara, pun berdiri di hewan tunggangan bagian belakang, meletakkan tanganku di pundak bapakku. menden..."
134,32,"berzina, zina, berzina lagi, juallah, cambuklah","rasulullah shallallahu 'alaihi wasallam pernah ditanya seorang budak wanita berzina, belum menikah? menjawab: ""jika melakukan zina cambuklah, melakukan zina lagi cambuklah, melakukan zina lagi cambukl..."
135,31,"susu, memerahnya, susunya, air susu, mengandung lemak","abdullah berkata; budak bani hasyim, berkata; sesungguhnya nabi shallallahu'alaihiwasallam melewatinya memeras, bersabda: ""sisakanlah orang meminta susu""...."
136,30,"kemudian siapa, bertanya lagi, siapakah, utsman, kemudian","berkata; bertanya ; ""siapakah di antara kalian bersama rasulullah shallallahu 'alaihi wasallam malam jin?"" menjawab; ""tidak seorang pun di antara bersama beliau.""..."
137,30,"pintu, pintu neraka, dibuka pintu, ditutup, dibuka","mengabarkan sahabat nabi shallallahu 'alaihi wa salam menyebut-nyebut ramadhan, bersabda: ""saat pintu-pintu surga dibuka, pintu-pintu neraka ditutup, setan-setan dibelenggu setiap malamnya ada menyeru..."
138,30,"izinnya, dimintai, gadis, persetujuannya, janda",", serta , berkata; mengabarkan , , berkata; rasulullah shallallahu 'alaihi wasallam bersabda: ""seorang janda lebih berhak dirinya daripada walinya, seorang gadis dimintai izinnya urusan dirinya, izinn..."
139,30,"kulitnya, kambing, sapi, memanfaatkan kulitnya, ular itu",", , diriwayatkan jalur lain: , , berkata; bertanya rasulullah shallallahu wa'alaihi wa sallam janin hewan, berkata: ""makanlah kalian menghendaki!"" musaddad berkata; katakan; wahai rasulullah, menyembe..."
140,30,"saudara wanita, sebagai madu, bibi, dinikahi, madu",", , , , , berkata; rasulullah shallallahu 'alaihi wasallam bersabda: ""tidak boleh seorang wanita dinikahi sebagai madu bibinya (saudari ayah), seorang bibi dinikahi sebagai madu anak wanita saudara la..."
141,30,"harta, hartaku, bermurah, bermurah hati, harta allah",", , diriwayatkan jalu lain: , secara makna, , berkata; rasulullah shallallahu wa'alaihi wa sallam bersabda: ""barang siapa mendapatkan barang temuan, hendaknya memperlihatkan orang adil tidak menyembun..."
142,29,"berpuasa, ingin berbuka, berbuka, berbukalah mengabarkan, ingin berpuasa","berkata, berkata, ""dalam safar kadang rasulullah shallallahu 'alaihi wasallam berpuasa kadang berbuka. ""..."
143,29,"muslim kefasikan, kefasikan, kefasikan membunuhnya, bersabda mencela, membunuhnya kekafiran","berkata, berkata, ""rasulullah shallallahu 'alaihi wasallam bersabda: ""akan ada sekelompok orang kaum muslimin keluar cepat terjadi perpecahan, dibunuh kelompok lebih berhak kebenaran di antara dua kel..."
144,29,"susunya, susu, ternak, mengembalikannya, memerah",", , kepadaku mantan budak abdurrahman zaid mengabarkan kepadanya mendengar berkata; rasulullah shallallahu 'alaihi wasallam bersabda: ""barangsiapa membeli kambing ditahan kantong susunya, memerahnya m..."
145,29,"cemburu, disukai allah, dibenci allah, dibenci, sombong",", maknanya satu. berkata; , berkata; , , nabi rasulullah shallallahu 'alaihi wasallam berkata: ""diantara rasa cemburu ada dicintai allah, diantara rasa cemburu tersebut ada dibenci allah."" adapun rasa..."
146,29,"wasallam sebanyak, peperangan, berperang bersama, kali peperangan, belas kali","kepadaku ; ""aku pernah berada di samping ditanyakan kepadanya; ""berapa kali nabi shallallahu 'alaihi wasallam ikut peperangan?"". menjawab; ""sembilan belas kali"". ditanyakan lagi; ""berapa kali menyerta..."
147,29,"barirah, perwalian, tawanan, syarat, persyaratan","berkata; radliallahu 'anhuma mengabarkan kepadanya, barirah datang aisyah meminta bantuan kepadanya hal perjanjian pembebasan dirinya, sementara tidak mampu melunasi sedikitpun perjanjain pembebasanny..."
148,29,"bermimpi, wajib mandi, mandi, ummu sulaim, wanita bermimpi","berkata, mengabarkan berkata, puteri ummu salamah, berkata, ""ummu sulaim datang menemui rasulullah shallallahu 'alaihi wasallam berkata, ""wahai rasulullah, sesungguhnya allah tidak malu perkara hak. a..."
149,29,"bayi, kencing, seorang bayi, air kencing, bayi laki","bahwasanya pernah membawa anaknya masih kecil belum makan (selain asi) rasulullah shallallahu 'alaihi wasallam, rasulullah shallallahu 'alaihi wasallam mendudukkannya di pangkuan beliau, tiba-tiba ana..."
150,29,"muzabanah, menjual, jual beli, jual, beli",", , , berkata; rasulullah shallallahu 'alaihi wasallam melarang muhaqalah (menjual gandum bulirnya gandum bersih timbangan tertentu), muzabanah (menjual kurma kering ruthab, menjual anggur kismis seca..."
151,28,"sepatunya, mengusap, mengusap kedua, sepatu, wasallam mengusap",yahya mengabarkan kepadaku melihat nabi shallallahu'alaihiwasallam membasuh diatas dua sepatu....
152,28,"yahudi, batu, membunuhmu, dua batu, seorang yahudi","berkata, mengabarkan berkata, ""seorang budak wanita ditemukan keadaan kepalanya retak di antara dua batu, ditanya, ""siapa melakukan ini? apakah si fulan, apakah si fulan?"" disebutlah nama seorang yahu..."
153,28,"mengusap, wasallam mengusap, khuf, kedua khuf, mengusap kedua","berkata; menyebutkan, bahwasanya rasulullah shallallahu 'alaihi wasallam biasa mengusap kedua khuf. sedangkan selain muhammad menyebutkan; mengusap bagian kedua khuf...."
154,28,"madu, minum madu, hafshah, madu di, bau","berkata; berkata mendengar berkata; mendengar radliallahu 'anhuma, isteri nabi shallallahu 'alaihi wasallam, mengabarkan nabi shallallahu 'alaihi wasallam tinggal di rumah zainab binti jahsy minum mad..."
155,28,"kedua, dzar, kaki, tawaruk, telapak","di riwayatkan jalur lain, hadits (riwayat) ahmad, berkata; mengabarkan mengabarkan kepadaku berkata; mendengar berkata di tengah-tengah sepuluh sahabat rasulullah shallallahu 'alaihi wasallam di antar..."
156,28,"sumpah, sumpah harga, allah sumpah, bersumpah, murka kepadanya",", berdua berkata; , , berkata; rasulullah shallallahu 'alaihi wasallam bersabda: ""barangsiapa bersumpah keadaan berbuat dosa memutuskan harta orang muslim, berjumpa allah keadaan dimurkai."" al asy'ats..."
157,28,"sebagai tebusan, tebusan, perang uhud, lemparlah, uhud","bercerita bercerita berkata bercerita kepadaku . diriwayatkan pula, bercerita bercerita berkata bercerita kepadaku berkata mendengar berkata; tidak pernah melihat nabi shallallahu 'alaihi wasallam mem..."
158,28,"dua bulan, makan enam, berturut turut, bulan berturut, berturut","mengabarkan berkata, mengabarkan berkata: ""ketika duduk bermajelis bersama nabi shallallahu 'alaihi wasallam tiba-tiba datang seorang laki-laki berkata: ""wahai rasulullah, binasalah aku"". bertanya: ""a..."
159,28,"adzan, makan minumlah, mengumandangkan adzan, maktum, minumlah",", , berkata; al abbas meminta idzin rasulullah shallallahu wa'alaihi wa sallam bermalam di mekkah malam-malam hari di mina tugasnya memberi minum (orang-orang berhaji), memberikan idzin kepadanya...."
160,27,"lahul, laa, mulku, bagi nya, sekutu","berkata, seperti itu, . - berkata; - rasulullah shallallahu 'alaihi wasallam bersabda: ""barangsiapa di pagi membaca: laa ilaaha illaallahu wahdahu laa syariikalah lahul mulku wa lahul hamdu wa huwa 'a..."
161,27,"surga, masuk surga, derajat, firdaus, akan masuk",", , , kepadaku mendengar mendengar radliallahu 'anhu mengatakan rasulullah shallla allahu 'alaihi wa sallam bersabda: ""barangsiapa mengatakan; radhiitu billaahi rabban wa bil-islaami diinan wa bimuham..."
162,27,"rukun, thawaf, mengusap rukun, thawaf di, melakukan thawaf",", , mengabarkan kepadaku rasulullah shallallahu wa'alaihi wa sallam melakukan thawaf haji wada' di unta, mengusap rukun menggunakan tongkat...."
163,27,"wishal, puasa wishal, melakukan puasa, puasa, melakukan wishal","mereka, mendengar rasulullah shallallahu 'alaihi wasallam berkata: ""janganlah kalian melakukan puasa wishal, barangsiapa diantara kalian menghendaki melakukan wishal hendaknya melakukannya sahur."" ber..."
164,27,"berpuasalah, bagimu pahala, lebih itu, itu bersabda, sehari","keduanya berkata; mengabarkan nabi shallallahu 'alaihi wasallam bersabda kepadanya: ""bacalah al qur'an (hingga khatam) sebulan."" abdullah berkata; ""aku bisa (mengkhatamkan) lebih (sebulan)."" bersabda:..."
165,26,"masjidku, di masjidku, masjidil, masjid, shalat di","berkata, mengabarkan nabi shallallahu 'alaihi wasallam bersabda: ""shalat di masjidku nilainya seribu kali lebih baik dibandingkan masjid lain kecuali al masjidil haram""...."
166,26,"mengharap pahala, diampuni, pahala diampuni, dosanya, keimanan mengharap","maksudnya sama, keduanya berkata; nabi shallallahu 'alaihi wasallam, sabdanya: ""barangsiapa berpuasa di bulan ramadhan keimanan penuh harap, di ampuni dosa-dosanya lalu. barangsiapa bangun (shalat) ma..."
167,26,"perang uhud, uhud, hafalan al, mendahulukannya, hafalan",", mengabarkan kepadanya rasulullah shallallahu 'alaihi wasallam menggabungkan antara dua orang diantara orang-orang terbunuh perang uhud. berkata: ""siapakah diantara berdua lebih banyak menghafal al q..."
168,26,"barangsiapa beriman, hari akhir, allah hari, beriman allah, akhir hendaknya","berkata, mengabarkan berkata, , berkata, mendengar rasulullahi shallallahu'alaihiwasallam bersabda: ""barangsiapa beriman allah hari akhir, hendaklah memuliakan tamunya. barangsiapa beriman allah hari ..."
169,26,"memabukkan, setiap memabukkan, memabukkan haram, bersabda setiap, haram","berkata; musa -yaitu 'amru salm al anshari- berkata radliallahu 'anha, berkata, ""aku mendengar rasulullah shallallahu 'alaihi wasallam berkata: ""segala sesuatu memabukkan haram, sesuatu satu faraq mem..."
170,26,"kiamat, terjadi, hari kiamat, kiamat terjadi, tidak terjadi","berkata; kepadaku berkata; rasulullah shallallahu'alaihiwasallam bersabda: ""hari kiamat tidak terjadi kecuali menimpa manusia-manusia buruk""...."
171,26,"muntahannya, kembali pemberiannya, pemberiannya, mengambil kembali, kembali muntahannya","mengabarkan mengabarkan kepadaku kepadanya rasulullah shallallahu 'alaihi wasallam, bersabda: ""permisalan orang meminta kembali apa berikan seperti anjing muntah makan lagi. orang memberi meminta kemb..."
172,26,"alaa, kamaa, ibrahim, aali, alaa aali","berkata; bertanya -atau- bertanya; ""wahai rasulullah, anda memerintahkan bershalawat salam anda, mengetahui salam, bagaimana cara bershalawat anda?"" bersabda: ""ucapkanlah; 'allahumma shalli 'ala muham..."
173,26,"puluh ayat, ayat berdiri, tiga puluh, sekitar tiga, puluh","berkata; ""aku tidak pernah melihat sama sekali rasulullah shallallahu 'alaihi wasallam membaca shalat malam sambil duduk memasuki usia lanjut, di masa itu, barulah membaca sambil duduk, ayat belum di ..."
174,25,"izin, qu, al qu, qu ais, ais",", mengabarkan radliallahu 'anha, berkata; aflah al qu'ais menemuiku, menutup diri darinya. berkata; apakah menutup diri dariku? pamanmu. aisyah berkata; katakan; mana? berkata; disusui isteri saudarak..."
175,25,"anjing, membunuh anjing, memerintahkan membunuh, anjing penjaga, hitam pekat",", bahwasanya rasulullah shallallahu 'alaihi wasallam pernah memerintahkan membunuh anjing, bersabda: ""apa hak (untuk membunuh anjing) apa dosanya (untuk dibunuh)."" memberikan keringanan (untuk memelih..."
176,25,"surban, hitam, mengenakan surban, berwarna hitam, imamah","berkata; berkata, ""rasulullah shallallahu 'alaihi wasallam masuk pembukaan (penaklukan) kota makkah mengenakan imamah (surban lilitkan kepala) berwarna hitam.""..."
177,25,"penyakit, shafar, menular, ada shafar, penyakit menular","berkata, ""aku pernah mendatangi nabi shallallahu 'alaihi wasallam para sahabatnya, seolah-olah di kepala terdapat burung. mengucapkan salam duduk, ada seorang arab badui datang arah ini, berkata, ""wah..."
178,25,"rumah kalian, rumah, rumah rumah, kuburan, kalian jadikan","mengabarkan kepadaku berkata; rasulullah shallallahu 'alaihi wasallam bersabda: ""jadikanlah rumah-rumah kalian sebagai tempat mengerjakan shalat (sunnah), janganlah kalian jadikan sebagai kuburan.""..."
179,25,"kelompok, shalat khauf, khauf, satu raka, musuh","pernah mengerjakan shalat khauf bersama rasulullah shallallahu 'alaihi wasallam perang dzatur riqa', yaitu; satu shaf berbaris bersama beliau, sedangkan shaf lain (berjaga-jaga) menghadapi musuh, oran..."
180,25,"terbelah, bulan terbelah, bulan, terbelah menjadi, berkata bulan","bercerita mengabarkan berkata; zaman rasulullah shallallahu 'alaihi wasallam bulan pernah terbelah menjadi dua bagian nabi shallallahu 'alaihi wasallam bersabda: ""saksikanlah""...."
181,24,"subai ah, subai, melahirkan, suaminya, menikah","mengabarkan subai'ah al aslamiyyah ditinggal mati suaminya sedangkan keadaan hamil. selang beberapa malam kemudian, melahirkan. setelah suci nifasnya, dipinang. pun meminta izin nabi shallallahu 'alai..."
182,24,"hakim, tangan di, memberiku, meminta, meminta lagi","mendangar berkata; mendengar berkata; pernah meminta nabi shallallahu'alaihiwasallam memberi. meminta lagi memberi. meminta lagi memberi. bersabda: "" harta hijau manis, siapa mengambil sesuai haknya, ..."
183,24,"muslim ditinggal, ditinggal, bersabda tidaklah, ke surga, mati tiga","meneritakan berkata, meneritakan berkata, meneritakan bahwasanya mendengar berkata rasulullah shallallahu 'alaihi wasallam, bersabda: ""barangsiapa merelakan kematian tiga orang anaknya mengharap ganja..."
184,24,"kalian mendengar, mendengar adzan, berkata mendengar, mendengar berkata, diucapkan","bahwasanya rasulullah shallallahu 'alaihi wasallam bersabda: ""apabila kalian mendengar adzan, ucapkanlah seperti apa diucapkan muadzin.""..."
185,24,"melarang menjual, wasallam melarang, melarang, menjual, melarang jual",", , radliallahu 'anhuma, berkata; rasulullah shallallahu 'alaihi wasallam melarang menjual perwalian menghibahkannya...."
186,24,"shalat, dua kali, shalat ashar, ashar, baru shalat","berkata; berkata; ""rasulullah shallallahu 'alaihi wasallam mengerjakan shalat -ibrahim mengatakan; ""aku tidak tahu, apakah (raka'atnya) lebih ataukah kurang- setelah salam, di beritahukan beliau; ""wah..."
187,24,"hidung, ke hidung, air ke, memasukkan air, bilangan ganjil","berkata; rasulullah shallallahu 'alaihi wasallam bersabda: ""jika berwudlu, lakukanlah intitsar (menghirup air ke hidung mengeluarkannya). bersuci batu, lakukanlah bilangan ganjil.""..."
188,24,"menyembelih, kurban, kambing, sebelum shalat, barangsiapa menyembelih",", , , , , berkata; rasulullah shallallahu 'alaihi wasallam berkhutbah hari penyembelihan ('idul adhha) setelah melakukan shalat. berkata: ""barangsiapa melakukan shalat seperti shalat menyembelih sembe..."
189,24,"tua, muda, berikanlah kepadanya, lebih tua, berikanlah",", haditsnya, berkata; , berkata; mengabarkan kepadaku , berkata; rasulullah shallallahu wa'alaihi wa sallam bersabda: ""barang siapa ingin dilapangkan rizqinya dipanjangkan umurnya hendaknya menyambung..."
190,24,"rifa ah, rifa, ah, ah al, merasakan",", , , kepadaku , berkata; bertanya , berkata; katakan; terdapat seorang laki-laki menceraikan isterinya keadaan haid. berkata; apakah mengetahui abdullah umar? katakan; ya. berkata; sesungguhnya abdul..."
191,23,"isterinya, suami, malik berkata, suaminya, malik","mengabarkan , pernah istihadlah, suaminya tetap berhubungan badan dengannya...."
192,23,"tunggangannya, hewan tunggangannya, hewan, diatas hewan, menghadap","berkata; pernah melihat rasulullah shallallahu 'alaihi wasallam shalat di keledai, sedangkan menghadap ke arah khaibar.""..."
193,23,"taubatku, hartaku sebagai, sebagai sedekah, sedekah allah, hartaku",", , kepadaku , berkata; kepadaku , berkata; kepadaku , berkata; dzar berkata; wahai rasulallah! orang-orang kaya pergi membawa banyak pahala, melakukan shalat sebagaimana melakukan shalat, berpuasa se..."
194,23,"rajam, taurat, ayat rajam, hukuman, yahudi",", kepadaku , , berkata; sesungguhnya ibnu umar semoga allah mengampuninya, melakukan suatu kesalahan. sesungguhnya terdapat sebuah kampong anshar merupakan para penyembah berhala, hidup bersama kampon..."
195,23,"isterinya, bersama isterinya, laki, merajam, laki laki","daud berkata; menulis surat kepadaku; , berkata; seorang laki-laki datang nabi shallallahu 'alaihi wasallam berkata; istriku tidak menolak tangan orang menyentuhnya. menjawab: ceraikanlah dia! berkata..."
196,23,"menyentuh, menyentuh kemaluannya, kemaluannya hendaklah, kemaluannya, menyentuh kemaluan","bahwasanya pernah mendengar berkata; pernah menghadap , menyebut-nyebut sesuatu mengharuskan berwudhu. marwan berkata; menyentuh kemaluan. urwah berkata; tidak mengetahui hal itu. setelah marwan berka..."
197,23,"selama seratus, seratus tahun, pohon, pengendara, naungannya selama","nabi shallallahu 'alaihi wasallam, bersabda: ""dalam surga terdapat sebatang pohon bilamana seorang berkendaraan berjalan di bawahnya selama seratus tahun, belum habis melewati bayangannya. itu, bacala..."
198,22,"menggigit, gigi, serinya, pejantan menggigit, laki menggigit","keduanya berkata; mengkabarkan ada seseorang menggigit lengan orang lain. ibnu numair berkata; lantas menarik tangannya rontok dua gigi serinya. di hari berkata redaksi ""menariknya giginya (bukan dua ..."
199,22,"melempar, jumrah, aqabah, kerikil, melempar jumrah",", serta secara makna. berkata; , berkata; tatkala jumrah kubra menjadikan ka'bar berada di sisi kirinya mina di sisi kanannya, melempar jumrah tujuh kerikil. ibnu mas'ud berkata; demikianlah orang kep..."
200,22,"celakalah, celakalah ia, perang tipu, celakalah orang, celakalah dia","berkata, mengabarkan . (dalam jalur lain disebutkan) berkata, . (dalam jalur lain disebutkan) berkata, berkata, mengabarkan nabi shallallahu 'alaihi wasallam bersabda: ""tidak dikatakan dusta orang ber..."
201,22,"meninggalkan harta, meninggalkan, barangsiapa meninggalkan, harta, mati meninggalkan",", mengabarkan , , berkata; rasulullah shallallahu 'alaihi wasallam berkata: ""aku orang lebih utama (lebih berhak) orang-orang mukmin daripada diri sendiri, barangsiapa meninggalkan harta keluarganya, ..."
202,22,"membelinya, kuda, membelinya kembali, dijual, jangan","umar al khathab radliallahu 'anhu mewakafkan kuda di jalan allah, melihat kuda tersebut dijual, ingin membelinya. bertanya rasulullah shallallahu wa'alaihi wa sallam hal tersebut, bersabda: ""jangan be..."
203,22,"makan malam, makan, apabila makan, jika makan, malam","mengabarkan berkata; ""kami melaksanakan qailulah (tidur siang) makan siang setelah melaksanakan shalat jum'at.""..."
204,22,"allah menjauhkan, kuda, menjauhkan, sehari di, berpuasa sehari","bercerita bercerita mengabarkan berkata bercerita kepadaku keduanya mendengar berkata; mendengar nabi shallallahu 'alaihi wasallam bersabda; ""barang siapa shoum (berpuasa) satu hari di jalan allah, al..."
205,22,"kota, idzkhir, tidak boleh, hewan buruannya, kota makkah",", , , kepadaku , , berkata; tatkala allah ta'ala menaklukkan mekkah melalui rasulullah shallallahu 'alaihi wasallam, berdiri diantara memuji allah berkata: ""sesungguhnya allah menahan gajah ka'bah, al..."
206,22,"zam ah, zam, ah, abd zam, utbah",", , berkata; ; sa'd waqqash 'abdu zam'ah berselisih rasulullah shallallahu 'alaihi wasallam anak budak wanita zam'ah. sa'd berkata; saudaraku 'utbah memberiku wasiat datang ke mekkah agar melihat anak..."
207,22,"pisau, kuku, gigi kuku, gigi, mengalirkan darah",", , , , , berkata; datang rasulullah shallallahu 'alaihi wasallam katakan; wahai rasulullah, sesungguhnya bertemu musuh besok, tidak memiliki pisau. bolehkah menyembelih menggunakan marwah (batu putih..."
208,22,"lebih baik, sumpah melihat, suatu sumpah, bersumpah suatu, sesuatu lebih",", , , , nabi shallallahu 'alaihi wasallam bersabda: ""demi allah, insya allah tidak bersumpah suatu sumpah melihat lainnya lebih baik darinya kecuali membayar kafarah sumpahku melakukan lebih baik."" me..."
209,22,"duduk, shalat duduk, shalatlah kalian, kudanya, diikuti",", rasulullah shallallahu 'alaihi wasallam pernah menaiki seekor kuda, terpelanting darinya sisi kanannya terkoyak, melaksanakan salah satu shalat wajib duduk pun shalat di duduk. tatkala selesai, bers..."
210,22,"barus, kapur barus, kapur, kali lima, mandikanlah",", , berkata; mengambil hadits memandikan mayit berkata; ""kami memandikan puteri rasulullah shallalahu 'alaihi wasallam, menyuruh memandikannya daun bidara sebanyak tiga kali (guyuran), bila kurang lim..."
211,21,"ubun, ubun kuda, ubun ubun, pada ubun, bersabda pada","mengabarkan berkata; rasulullah shallallahu 'alaihi wasallam bersabda: ""pada ubun-ubun kuda itu, terikat kebaikan, pahala harta ghanimah hari kiamat.""..."
212,21,"menyusui kalian, menyusui, hitam, berpaling dariku, kalian berdua","kepadaku menceritakannya kepadaku , lebih hafal hadits sahabatku, berkata, ""aku menikahi ummu yahya binti ihab, seorang wanita hitam datang kepadaku mengaku menyusui semua. datang nabi shallallahu 'al..."
213,21,"gerhana, tanda, tanda tanda, matahari bulan, dua tanda","berkata, berkata, ""aku mendengar berkata, ""nabi shallallahu 'alaihi wasallam bersabda: ""sesungguhnya matahari bulan tidak mengalami gerhana disebabkan matinya seorang manusia, keduanya dua tanda tanda..."
214,21,"lemak, bangkai, semoga allah, mengharamkan, semoga","berada di makkah mendengar rasulullah shallallahu 'alaihi wasallam bersabda penaklukan makkah: ""sesungguhnya allah mengharamkan penjualan arak, bangkai, babi, serta berhala."" ditanya, ""wahai rasululla..."
215,21,"kalian diundang, undangan, diundang, undangan tersebut, diundang ke","rasulullah shallallahu 'alaihi wasallam bersabda: ""apabila salah seorang di antara kalian diundang menghadiri sebuah pesta, hendaknya mendatanginya!"" berkata, ""rasulullah shallallahu 'alaihi wasallam ..."
216,21,"membeli makanan, menggadaikan, pernah membeli, menggadaikan baju, baju",ahmad hanbal berkata; mengabarkan berkata; rasululah shallallahu'alaihiwasallam pernah membeli makanan seorang yahudi menggadai baju besinya....
217,21,"kesialan, kesialan ada, wanita kuda, kuda, tiga hal","bercerita mengabarkan berkata bercerita kepadaku berkata mendengar nabi shallallahu 'alaihi wasallam bersabda; ""sesungguhnya kesialan ada tiga hal, kuda, wanita tempat tinggal""...."
218,21,"menikahi seorang, abdurrahman auf, auf, abdurrahman, menikahi",", , serta rasulullah shallallahu 'alaihi wasallam melihat abdurrahman 'auf padanya terdapat bekas minyak za'faran. nabi shallallahu 'alaihi wasallam berkata: ""apakah ini?"" berkata; wahai rasulullah, m..."
219,21,"paling baik, paling, orang paling, akhlaknya, baik akhlaknya","berkata, menyebutkan berkata, ""seorang laki-laki berkata rasulullah shallallahu 'alaihi wasallam, ""wahai sebaik-baik manusia!"" rasulullah shallallahu 'alaihi wasallam bersabda: ""itu ibrahim.""..."
220,21,"ka bah, tiang, bah, ka, dua tiang","bercerita bercerita , rasulullah shallalahu 'alaihi wa sallam masuk ka'bah bersama 'utsman, thalhah usamah zaid sementara bilal menutup pintunya. keluar bertanya apa diakukan nabi shallalahu 'alaihi w..."
221,21,"penduduk, miqat, miqat penduduk, tempat tempat, sebagai miqat",", radliallahu 'anha rasulullah shallla allahu 'alaihi wa sallam menetapkan dzatu 'irq sebagai miqat penduduk irak...."
222,20,"bakar, bertepuk tangan, bertepuk, memimpin shalat, maju","rasulullah shallallahu 'alaihi wasallam pernah berkunjung bani 'amr 'auf mendamaikan perselisihan terjadi di antara mereka, sementara shalat tiba. mu'adzin datang menemui bakar radliallahu 'anhu, berk..."
223,20,"saksi, sebelum diminta, sumpah, saksi berkata, seorang saksi","mengabarkan mengabarkan kepadaku mengabarkan kepadanya mengabarkan kepadanya, mengabarkan kepadanya, mengabarkan kepadanya, rasulullah shallallahu 'alaihi wasallam bersabda: ""maukah beritahukan kalian..."
224,20,"membunuh, membunuh sahabatnya, orang muslim, dua orang, muslim saling","berkata, berkata, ""saat keluar -yakni perang-, menemuiku seraya berkata, ""kembalilah pulang! sesungguhnya mendengar rasulullah shallallahu 'alaihi wasallam bersabda: ""jika dua orang muslim saling berh..."
225,20,"sela, sekali saja, hendaknya, mengerjakan hal, membersihkannya","nabi shallallahu 'alaihi wasallam bersabda: ""janganlah mengusap (kerikil) sementara shalat, terpaksa melakukan hal itu, cukuplah meratakannya sekali.""..."
226,20,"usus, tujuh usus, makan tujuh, kafir makan, satu usus","berkata; biasanya tidak makan didatangnya kepadanya seorang miskin makan bersamanya. pun memasukkan seorang laki-laki makan bersamanya, laki-laki makan banyak, pun berkata, ""wahai nafi', jangan masukk..."
227,20,"khaibar, hasilnya, tanah khaibar, separuh hasilnya, tanah",", , nabi shallallahu 'alaihi wasallam mempekerjakan penduduk khaibar upah setengah buah tanaman keluar...."
228,20,"an mengajarkannya, mengajarkannya, mempelajari, mempelajari al, al qur","nabi shallallahu 'alaihi wasallam, bersabda: ""sebaik-baik kalian orang mempelajari al qur'an mengajarkannya.""..."
229,20,"doa, dzat berhak, sepenuh, mu, dzat","bahwasanya pernah mendengar anaknya berdoa mengucapkan; ""ya allah, sesungguhnya memohon kepadamu istana putih di sisi surga memasukinya."" abdullah mughaffal berkata; ""wahai anakku, mintalah surga alla..."
230,20,"anjing, memelihara anjing, qirath, barangsiapa memelihara, selain anjing",", , mengabarkan , , , , nabi shallallahu 'alaihi wasallam, berkata: ""barangsiapa memelihara anjing kecuali anjing penjaga binatang ternak anjing pemburu, penjaga tanaman pahalanya berkurang satu qirat..."
231,20,"bermalam selama, dua malam, diwasiatkan, tertulis di, wasiatnya",", , kepadaku rasulullah shallallahu 'alaihi wasallam, berkata: ""tidaklah hak seorang muslim memiliki sesuatu diwasiatkan bermalam selama dua malam melainkan wasiatnya tertulis di sisinya.""..."
232,20,"kepada ku, ku, siapa meminta, langit dunia, kepada","rasulullah shallallahu 'alaihi wasallam bersabda: ""rabb tabaraka wa ta'ala turun di setiap malamnya ke langit dunia sepertiga malam terakhir, berfirman: ""barangsiapa berdo'a kepada-ku, niscaya kabulka..."
233,20,"nabi sebagai, sebagai masjid, menjadikan kuburan, kuburan para, kuburan","rasulullah shallallahu 'alaihi wasallam bersabda: ""semoga allah memerangi orang-orang yahudi, menjadikan kuburan-kuburan para nabi sebagai masjid.""..."
234,20,"zar, in, suamiku, berkata suamiku, wanita haid",", kepadaku , membaca ayat: ""wanita-wanita ditalak hendaklah menahan diri (menunggu) tiga kali quru'"", serta: ""dan perempuan-perempuan tidak haid lagi (monopause) di antara perempuan-perempuanmu ragu-r..."
235,20,"kuburan, di atasnya, kalian duduk, atasnya, diatas kuburan",", mengabarkan , , berkata; mendengar berkata; mendengar berkata; rasulullah shallallahu 'alaihi wasallam bersabda: ""janganlah kalian duduk di kuburan, jangan kalian melakukan shalat menghadap kepadany..."
236,20,"buahnya, pohon kurma, menjual, buah, pohon","berkata; 'araya seseorang memberikan beberapa pohon kurma seseorang, orang-orang tersebut merasa terganggu apa dilakukan orang diberi tersebut beberapa pohon kurma tersebut, membelinya seukuran penaks..."
237,20,"generasi, setelah mereka, generasiku, datang setelah, generasi setelahnya","berkata; memberitakan kami. (dalam jalur lain disebutkan) berkata; berkata, ""rasulullah shallallahu 'alaihi wasallam bersabda: ""sebaik-baik generasi generasi diutus di dalamnya, generasi setelah merek..."
238,20,"orang kota, kota, kota menjual, menjual orang, orang tinggal",", berkata; rasulullah shallallahu 'alaihi wasallam melarang orang bermukim (orang kota) menjualkan barang orang datang desa. katakan apa maksud tidak boleh orang bermukim (orang kota) menjualkan baran..."
239,19,"pujian, segala pujian, lah segala, rabb kami, liman","rasulullah shallallahu 'alaihi wasallam bersabda: ""apabila imam mengucapkan ""sami'allahu liman hamidah"" ucapkanlah kalian; ""allahumma rabbana lakal hamdu"" (ya allah rabb kami, hanya lah segala pujian)..."
240,19,"qirath, dua qirath, baginya pahala, satu qirath, pahala","(ahmad hanbal radliyallahu'anhu) berkata; berkata; berkata; rasulullah shallallahu'alaihiwasallam bersabda: ""barangsiapa mengiringi jenazah dishalatinya, mendapatkan satu qirath barangsiapa menungguny..."
241,19,"tulang rusuk, rusuk, bengkok, meluruskannya, mengangkat kepala",berkata; sungguh melihat kaum lelaki mengikat kain selimutnya di leher sempit mengerjakan shalat di rasulullah shallallahu 'alaihi wasallam seperti anak kecil. ada seseorang berkata; wahai kaum wanita...
242,19,"merupakan, khallad, bulan, rahimahullahu, semakna diriwayatkan","seseorang tsaqif, sufyan al hakam berkata; melihat rasulullah shallallahu 'alaihi wa salam buang air kecil, memercik-mercikkan kemaluan beliau. aswad 'amir syarik berkata; bertanya keluarga al hakam s..."
243,19,"uwaimir, ashim, saling, saling melaknat, membunuhnya","mengabarkan kepadanya 'uwaimir asyqar al 'ajlani datang 'ashim 'adi, berkata kepadanya; wahai 'ashim, bagaimana pendapatmu seorang laki-laki mendapati seorang laki-laki bersama isterinya. apakah boleh..."
244,19,"hisapan, kali hisapan, sedotan, kali sedotan, dua kali","berkata; berkata; pernah mendengar rasulullah shallallahu 'alaihi wasallam bersabda: ""janganlah dua orang laki-laki pergi ke tempat buang hajat keadaan membuka aurat keduanya, bercakap-cakap, sesunggu..."
245,19,"malu bertanya, madzi, aswad bertanya, wasallam madzi, bersahabat nabi","berkata, berkata, kepadaku berkata, ""saya melihat tujuh orang, lima di antaranya pernah bersahabat nabi shallallahu 'alaihi wasallam, sedangkan dua orang pernah menumpahkan darah masa jahiliyah belum ..."
246,19,"melihatku, setan tidak, sungguh melihatku, menyerupai, dapat menyerupai","berkata, berkata; mengabarkan kepadaku berkata; mengabarkan kepadaku berkata, ""aku mendengar rasulullah shallallahu 'alaihi wasallam bersabda: ""barangsiapa melihatku mimpi melihatku di sadar, mengatak..."
247,19,"sandal, sandalnya, kedua sandalnya, mengenakan sandal, sepasang","berkata; tatkala rasulullah shallallahu 'alaihi wasallam mengerjakan shalat bersama para sahabatnya, tiba tiba melepaskan kedua sandalnya meletakkannya di sebelah kirinya. sewaktu para sahabat melihat..."
248,19,"satu jari, raja, jari, akulah, bumi","mengabarkan berkata; berkata; mengabarkan kepadaku berkata, ""rasulullah shallallahu 'alaihi wasallam bersabda: ""pada hari kiamat allah menggulung semua langit mengenggamnya tangan kanan, setelah allah..."
249,19,"gambar, meniupkan, meniupkan ruh, kiamat, hari kiamat","keduanya berkata; berkata, rasulullah shallallahu 'alaihi wasallam bersabda: ""barangsiapa membuat gambar (bernyawa), karenanya allah menyiksanya hari kiamat mampu meniupkan ruh ke gambar tersebut, pad..."
250,19,"halal darah, darah seorang, satu tiga, kecuali salah, halal","berkata, mengabarkan berkata, ""rasulullah shallallahu 'alaihi wasallam bersabda: ""tidak halal darah seorang muslim bersaksi tidak ada ilah berhak disembah selain allah utusan allah kecuali salah satu ..."
251,19,"kalian memerangi, memerangi suatu, kiamat kalian, memerangi, tidak terjadi","berkata, -maksudnya ya'qub al iskandarani- -maksudnya suhail shalih- rasulullah shallallahu 'alaihi wasallam bersabda: ""kiamat tidak terjadi kaum muslimin memerangi bangsa turki, wajah seperti perisai..."
252,19,"surah al, surah, kaafiruun, membaca surah, al kaafiruun",", , berkata; nabi shallallahu 'alaihi wasallam bersabda: ""wahai ubai, sesungguhnya dibacakan al qur'an kepadaku, ditanya; satu gaya bahasa dua gaya bahasa? malaikat bersamaku berkata; katakan; dua gay..."
253,18,"junub, tidak najis, najis berkata, keadaan junub, najis","berkata; bahwasanya rasulullah shallallahu 'alaihi wasallam pernah bertemu denganku di salah satu jalan madinah, keadaan junub. menyelinap, pergi mandi. datang menghadap beliau. bersabda: ""di mana tad..."
254,18,"ke masjid, masjid, kaum wanita, pergi ke, wanita pergi","bahwasanya rasulullah shallallahu 'alaihi wasallam bersabda: ""janganlah kalian menghalangi kaum wanita pergi ke masjid masjid allah, hendaklah pergi tanpa memakai wangi-wangian.""..."
255,18,"mud, satu mud, mandi satu, sha air, satu sha",bahwasanya nabi shallallahu 'alaihi wasallam mandi satu sha' air berwudhu satu mud. dawud berkata; diriwayatkan berkata; pernah mendengar ....
256,18,"dinar, setengah dinar, harus bersedekah, bersedekah satu, satu dinar","nabi shallallahu 'alaihi wasallam, seorang suami menggauli istrinya haidl, bersabda: ""suami tersebut harus bersedekah satu dinar setengah dinar."" dawud berkata; demikianlah riwavat shahih, bersabda: ""..."
257,18,"tidak pernah, sama sekali, pernah memukul, malik tidak, sekali","berkata, berkata, berkata, ""rasulullah shallallahu 'alaihi wasallam tidak pernah memukul budak seorang wanita sama sekali.""..."
258,18,"aisyah, ibnu zubair, zubair, menjualnya, khamer",", , -ada keraguan yahya- mendengar abdurrahman farrukh bertanya ; menjualkan barang-barang orang, salah seorang datang ke mekkah bermalam keadaan menjaga harta? ibnu umar berkata; adapun rasulullah sh..."
259,18,"selama tiga, tiga hari, di makkah, makkah selama, bermukim",", , rasulullah shallallahu 'alaihi wasallam bermukim di mekkah umratul qadha selama tiga hari...."
260,18,"meminta, meminta sesuatu, meminta minta, tidak meminta, janganlah salah",", , mantan budak rasulullah shallallahu wa'alaihi wa sallam, berkata; rasulullah shallallahu 'alaihi wasallam bersabda: ""siapakah menjamin untukku tidak meminta-minta sesuatupun orang lain, menjaminny..."
261,18,"ah lebih, dua puluh, bersabda shalat, sendirian, derajat","berkata, mengabarkan , rasulullah shallallahu 'alaihi wasallam bersabda: ""shalat berjama'ah lebih utama dibandingkan shalat sendirian dua puluh tujuh derajat.""..."
262,18,"hitam, warna, anjing hitam, merah, keturunan",", , berkata; seorang laki-laki bani fazarah datang nabi shallallahu 'alaihi wasallam berkata; sesungguhnya isteriku melahirkan anak berkulit hitam. berkata: ""apakah memiliki unta?"" berkata; ya. berkat..."
263,18,"kecuali dua, dua hal, allah beri, siang, seseorang allah","berkata, berkata; mendengar nabi shallallahu'alaihiwasallam bersabda: ""tidak boleh iri (dengki) kecuali dua hal. (yaitu kepada) seorang allah berikan kepadanya harta menguasainya membelanjakannya di j..."
264,18,"orang terbunuh, terbunuh, bunting, cambuk tongkat, cambuk",", , kepadaku menyangka seseorang kalangan anshar dikenal nama mengabarkan kepadanya nabi shalla allahu 'alaihi wa sallam membayar diyahnya seratus unta unta zakat, yaitu diyah seorang anshar terbunuh ..."
265,18,"menghadap, baitul maqdis, maqdis, baitul, belas bulan","nabi shallallahu 'alaihi wasallam para sahabatnya shalat menghadap ke arah baitul maqdis, turun ayat; ""palingkanlah mukamu ke arah masjidil haram. dimana saja berada, palingkanlah mukamu ke arahnya."" ..."
266,18,"laki dua, kambing, perempuan satu, untuk anak, ekor kambing",", , , , , berkata; mendengar rasulullah shallallahu wa'alaihi wa sallam bersabda: ""untuk anak laki-laki dua kambing sama anak perempuan satu kambing."" daud berkata; mendengar ahmad, berkata; mukafiata..."
267,18,"secara baik, kalian menyembelih, menyembelih sembelihlah, menajamkan, pisaunya",", , berkata; dua sifat dengar rasulullah shallallahu wa'alaihi wa sallam: ""sesungguhnya allah mewajibkan bersikap baik segala sesuatu, kalian membunuh bersikaplah baik!"" selain muslim mengatakan menga..."
268,17,"berjumpa, benci, berjumpa dengannya, allah allah, benci berjumpa","berkata, ""pertaka kali mengetahui melihat seorang laki-laki tuan memutih rambut jenggotnya mengendarai seekor himar mengikuti jenazah. mendengar berkata, ""fulan fulan kepadaku, mendengar rasulullah sh..."
269,17,"buah mayang, mayang kurma, mayang, tangan buah, ada pemotongan","nabi shallallahu 'alaihi wasallam, bersabda: ""tidak ada hukum potong tangan buah-buahan tidak pula mayang kurma.""..."
270,17,"tujuh kali, menjilat bejana, anjing menjilat, menjilat, anjing","bahwasanya kepadanya, , nabiyullah shallallahu 'alaihi wasallam bersabda: ""apabila seekor anjing menjilat bejana, cucilah tujuh kali, ke tujuh tanah."" dawud berkata; adapun , , , , , semua meriwayatka..."
271,17,"kalian kembali, kafir, kalian memenggal, leher sebagian, sebagian kalian","berkata, berkata berkenaan ayat: '(sesungguhnya pembalasan orang-orang memerangi allah rasul-nya membuat kerusakan di muka bumi, hanyalah dibunuh disalib, dipotong tangan kaki bertimbal balik, dibuang..."
272,17,"baik yunus, yunus, yunus matta, matta, yunus mata","berkata, nabi shallallahu 'alaihi wasallam, bersabda: ""tidak pantas seorang hamba mengatakan: ""sesungguhnya lebih baik yunus mata.""..."
273,17,"puluh unta, puluh, dua puluh, unta, tahun","berkata; . (dalam jalur lain disebutkan) berkata, berkata, berkata, ""rasulullah shallallahu 'alaihi wasallam memberi putusan orang membunuh salah diyatnya (tebusannya) seratus ekor unta; tiga puluh an..."
274,17,"terbunuh mempertahankan, terbunuh, mempertahankan, mempertahankan hartanya, barangsiapa terbunuh","berkata, . (dalam jalur lain disebutkan) berkata, -dan haditsnya- berkata, ""barangsiapa terbunuh keadaan gelap (tidak jelas siapa pembunuh bagaimana caranya), yaitu saling lempar di antara mereka, bai..."
275,17,"ruqba, system, umra, sesuatu system, sesuatu tersebut","nabi shallallahu 'alaihi wasallam bersabda: ""janganlah memberikan ruqba umra. barangsiapa diberi ruqba umra hal tersebut para pewarisnya.""..."
276,17,"terlahir keadaan, keadaan menangis, terlahir, tangisan, mendengar tangisan","berkata; rasulullah shallallahu 'alaihi wasallam bersabda: ""aku hendak memanjangkan (bacaan) mengerjakan shalat, mendengar tangisan anak kecil, mempersingkat (bacaan shalat) tidak ingin memberatkan (h..."
277,17,"ke agama, pondasi, agama lain, subhanahu wa, allah subhanahu",", mengabarkan kepadaku , , radliallahu 'anha rasulullah shallallahu 'alaihi wasallam berkata kepadanya: ""thawafmu di ka'bah sa'imu antara shafa marwa cukup bagimu sebagai pelaksanaan haji umrah."" syaf..."
278,17,"mati suaminya, ditinggal mati, ditinggal, melempar kotoran, kotoran","(masih jalur periwayatan sama hadits sebelumnya) berkata; mendengar berkata; seorang wanita pernah datang rasulullah shallallahu 'alaihi wasallam berkata, ""wahai rasulullah, sesungguhnya anak perempua..."
279,17,"tujuh hari, tujuh, tiga hari, hari, menikahi ummu",", , berkata; kepadaku , rasulullah shallallahu 'alaihi wasallam tatkala menikahi ummu salamah tinggal di rumahnya selama tiga hari, berkata: ""engkau tidaklah direndahkan dikurangi hak keluargamu (maks..."
280,17,"berzina, merajamnya, berpaling darinya, empat kali, berpaling","berkata, berkata, ""saat ma'iz malik dibawa ke hadapan nabi shallallahu 'alaihi wasallam, melihat seorang laki-laki pendek, berotot besar tidak mengenakan selendang. bersaksi -sebanyak empat kali- diri..."
281,16,"gadis, janda, janda bersabda, menikah, gadis janda",", , mengabarkan , berkata; rasulullah shallallahu 'alaihi wasallam berkata kepadaku: ""apakah menikah?"" katakan; iya. bertanya: ""gadis janda?"" katakan; janda. berkata: ""mengapa tidak menikah seorang ga..."
282,16,"menjadikan pembebasannya, pembebasannya sebagai, sebagai maharnya, maharnya, pembebasannya",", , radliallahu 'anhuma membonceng budak wanitanya bernama shafiyyah bepergian ke mekkah...."
283,16,"tujuh orang, sapi, sapi tujuh, bersekutu, seekor sapi",", , , , , berkata; dahulu melakukan haji tamattu' zaman rasulullah shallallahu 'alaihi wasallam, menyembelih sapi tujuh orang unta tujuh orang, bersekutu kurban tersebut...."
284,16,"hilal, kalian melihatnya, berpuasalah kalian, berpuasalah, melihat hilal","berkata, mendengar berkata; nabi shallallahu 'alaihi wasallam bersabda, katanya al qasim shallallahu 'alaihi wasallam bersabda: ""berpuasalah kalian melihatnya (hilal) berbukalah melihatnya pula. kalia..."
285,16,"berbai at, berbai, mengucapkan, allah wajibkan, buatku",", di kesempatan lain berkata: berkata; , di kesempatan lainnya berkata; nabi shallallahu 'alaihi wasallam bersabda: ""tenanglah wahai hira`, berada di atasmu seorang nabi orang shiddiq orang syahid!"" s..."
286,16,"pembunuh, wali, wali korban, korban, memaafkannya","berkata, berkata; berkata, kepadaku berkata, kepadaku berkata, ""aku pernah di sisi nabi shallallahu 'alaihi wasallam, didatangkan ke hadapan seorang pembunuh lehernya diikat tali."" wail berkata, ""beli..."
287,16,"menikahi maimunah, wasallam menikahi, maimunah, berihram, menikahi","anak saudara laki-laki maimunah, , berkata; rasulullah shallallahu wa'alaihi wa sallam menikahiku di saraf sementara keadaan tidak berihram...."
288,16,"seember air, kencing di, seember, badui, kencing","berkata, mengabarkan nabi shallallahu 'alaihi wasallam melihat seorang 'arab badui kencing di masjid, bersabda: ""biarkanlah."" setelah orang selesai, meminta air menyiram bekasnya.""..."
289,16,"berpuasa perjalanan, kebaikan berpuasa, termasuk kebajikan, termasuk kebaikan, bersabda bukan",", rasulullah shallallahu 'alaihi wasallam pernah melihat seorang laki-laki dinaungi orang-orang mengerumuninya, berkata: ""bukanlah termasuk kebaikan berpuasa perjalanan.""..."
290,16,"menanam, tanaman, sedekah baginya, menanam tanaman, dimakan","mengabarkan mengabarkan kepadaku berkata, ""tidak disebut jaihah musibah menimpa tanaman kurang sepertiga modal."" yahya berkata, ""ini sesuatu biasa di antara orang-orang muslim.""..."
291,16,"jabatan, sumpahmu, bayarlah, janganlah meminta, baik bayarlah",", , mengabarkan , berkata; nabi shallallahu 'alaihi wasallam berkata kepadaku: ""wahai abdurrahman samurah, bersumpah melihat selainnya lebih baik lakukan lebih baik bayarlah kafarah sumpahmu."" daud be..."
292,15,"barirah, membeli barirah, perwalian, barirah bersabda, ingin membeli",", , mengabarkan , berkata; berkata: ""dan apa saja harta rampasan (fai`) diberikan allah rasulnya (dari harta benda) mereka, mendapatkan tidak mengerahkan seekor kudapun (tidak pula) seekor untapun."" a..."
293,15,"ma qil, qil, shallallahu wa, wa alaihi, katakan","secara makna, mengatakan; . berkata; berasal bani sadus, , berkata haditsnya; namanya bukanlah basyir, rasulullah shallallahu wa'alaihi wa sallam menamakannya basyir. berkata; sesungguhnya para para a..."
294,15,"saudarimu, bernadzar berjalan, bernadzar, seperenam, berjalan kaki",", , kepadaku rasulullah shallallahu 'alaihi wasallam berkata abdurrahman: ""boncengkan saudarimu 'aisyah, umrahkan tan'im, di anak bukit hendaknya melakukan umrah, sesungguhnya umrah tersebut umrah dit..."
295,15,"lembah, adam memiliki, tanah allah, anak adam, adam","seorang laki-laki datang nabi shallallahu 'alaihi wasallam berkata, ""wahai rasulullah, memiliki harta anak, sementara orang tuaku membutuhkan hartaku?"" bersabda: ""kamu hartamu milik orang tuamu, sesun..."
296,15,"neneknya, tikar, mulaikah, mengundang rasulullah, wanita tua","neneknya, mulaikah pernah mengundang rasulullah shallallahu 'alaihi wasallam suatu jamuan makan dibuatnya. makan darinya bersabda: ""bangkitlah, mengerjakan shalat kalian."" kata anas; bangkit mengambil..."
297,15,"hazim, musa, sulaiman, allah subhanallahu, subhanallahu wa","berkata, berkata, ""saat berada peperangan qastantiniyah di daerah dzuluqyah, seorang laki-laki terpandang paling baik penduduk palestina, orang-orang biasa memanggilnya nama hani kultsum syarik al kin..."
298,15,"sahl, abdullah sahl, lima puluh, muhayyishah, sumpah","secara makna, keduanya berkata; berkata, ""muhayishah mas'ud abdullah sahl berangkat menuju khaibar, keduanya berpisah di perkebunan kurma. abdullah sahl mati terbunuh, menuduh orang-orang yahudilah me..."
299,15,"menciptakan, rahmat ku, menciptakan makhluk, ku, mendominasi","berkata, berkata, ""rasulullah shallallahu 'alaihi wasallam bersabda: ""manusia selalu bertanya-tanya dikatakan, 'ini makhluk allah menciptakannya, siapakan menciptakan allah? ' siapa saja mengalami hal..."
